Date,Open,High,Low,Close,Volume
1/2/2007 15:30:00,39.19,39.92,38.81,39.56,324140
1/3/2007 15:30:00,39.56,40.71,39,40.37,978453
1/4/2007 15:30:00,40,41.35,39,39.22,431202
1/5/2007 15:30:00,39.4,39.84,38.65,39.67,351184
1/8/2007 15:30:00,38.03,39.7,38.03,38.89,226424
1/9/2007 15:30:00,38.7,41.29,38.7,40.81,526506
1/10/2007 15:30:00,40.9,41.6,39.73,39.88,335760
1/11/2007 15:30:00,40.47,41.25,39.46,40.62,329925
1/12/2007 15:30:00,41,42.2,40.65,41.61,411309
1/15/2007 15:30:00,42.47,42.47,41.15,41.66,313973
1/16/2007 15:30:00,42,42.4,41.56,42.13,204749
1/17/2007 15:30:00,43,44.2,42.2,43.52,809488
1/18/2007 15:30:00,43.99,43.99,42.11,42.5,465642
1/19/2007 15:30:00,42.5,43.1,41.3,42.48,224965
1/22/2007 15:30:00,41.2,43,35.26,42.26,373072
1/23/2007 15:30:00,43,43.24,39.83,40.35,278754
1/24/2007 15:30:00,41.5,43.15,40.6,42.98,603296
1/25/2007 15:30:00,43.38,45.1,43.2,44.17,1995461
1/29/2007 15:30:00,44.41,45,44.2,44.39,343679
1/31/2007 15:30:00,44.5,46.5,44.5,45.84,649663
2/1/2007 15:30:00,46.8,47,44.31,46.64,523090
2/2/2007 15:30:00,47,47.4,46.01,46.19,268795
2/5/2007 15:30:00,46.31,46.6,44.9,45.54,250162
2/6/2007 15:30:00,46.07,47.31,45.8,46.19,402535
2/7/2007 15:30:00,47,47.1,45.01,46.57,358721
2/8/2007 15:30:00,47,47,45.5,45.83,154251
2/9/2007 15:30:00,46,46.94,44,44.66,189309
2/12/2007 15:30:00,45,45,42.8,43.21,332272
2/13/2007 15:30:00,43.8,44.56,42,44.04,265975
2/14/2007 15:30:00,44.9,46.49,43.33,44.51,908379
2/15/2007 15:30:00,44.71,46.73,44.59,46.5,409689
2/19/2007 15:30:00,46.86,47.6,44.86,45.09,846344
2/20/2007 15:30:00,44.7,45.89,44.51,45.32,254119
2/21/2007 15:30:00,45.1,46.2,44.9,45.15,404606
2/22/2007 15:30:00,44.5,46.04,44.5,45.31,474096
2/23/2007 15:30:00,45.69,46.95,45.13,46.2,642188
2/26/2007 15:30:00,46.39,49.2,45.5,48.83,979626
2/27/2007 15:30:00,49.5,50.48,47,48.66,3035409
2/28/2007 15:30:00,49,49.29,45.25,46.78,975755
3/1/2007 15:30:00,46.9,49.5,46.6,48.08,1009802
3/2/2007 15:30:00,48.47,50.78,46.2,47.17,1349725
3/5/2007 15:30:00,44.51,46.89,42.27,43,1375583
3/6/2007 15:30:00,43.5,44.98,41.6,43.58,851225
3/7/2007 15:30:00,43.8,44.7,40,41.31,670906
3/8/2007 15:30:00,42.5,44.75,40.01,44.47,909618
3/9/2007 15:30:00,45,46.39,43.51,45.28,642299
3/12/2007 15:30:00,45.65,46.48,45.03,45.47,252300
3/13/2007 15:30:00,45.9,47.25,45.26,46.75,520002
3/14/2007 15:30:00,46.5,46.5,44.61,45.28,336385
3/15/2007 15:30:00,45.99,46.8,45.31,45.62,420003
3/16/2007 15:30:00,46.09,46.5,43.53,44.67,288311
3/19/2007 15:30:00,45,46.65,44.61,46.43,305014
3/20/2007 15:30:00,46.2,46.31,45.1,45.34,326666
3/21/2007 15:30:00,45.5,45.82,44.9,45.41,266172
3/22/2007 15:30:00,45.77,46.5,45.7,46.19,294854
3/23/2007 15:30:00,46.9,48.1,45.23,47.12,699931
3/26/2007 15:30:00,47.37,47.85,46.81,47.04,223802
3/28/2007 15:30:00,46.8,47.66,46.5,46.88,1033902
3/29/2007 15:30:00,47.35,47.84,46.72,47.42,982921
3/30/2007 15:30:00,49,49.71,47.6,49.3,1023264
4/2/2007 15:30:00,49,49.14,47.04,47.52,471811
4/3/2007 15:30:00,48,48.38,47.01,47.87,226813
4/4/2007 15:30:00,48.48,48.6,47.11,47.42,220278
4/5/2007 15:30:00,48,50.6,47.15,49.84,963737
4/9/2007 15:30:00,51,52.5,50.2,50.89,422861
4/10/2007 15:30:00,51.5,54.63,51,53.27,1615042
4/11/2007 15:30:00,53.8,55.1,53.41,53.66,810187
4/12/2007 15:30:00,53.5,54.25,52.03,53.44,623913
4/13/2007 15:30:00,53.5,55.57,53.5,55.38,621699
4/16/2007 15:30:00,55.7,58.46,55.51,57.93,818587
4/17/2007 15:30:00,58.1,58.43,55.5,55.97,786773
4/18/2007 15:30:00,56.4,58.1,56.01,57.33,557613
4/19/2007 15:30:00,55.5,59.44,55.5,59,840892
4/20/2007 15:30:00,59.64,60.6,59,59.25,823169
4/23/2007 15:30:00,59.97,60.2,57.7,59.28,694279
4/24/2007 15:30:00,59,59.81,58.05,58.39,364667
4/25/2007 15:30:00,58.5,59.1,57.72,58.37,485616
4/26/2007 15:30:00,58.5,59.47,57.41,58.87,718454
4/27/2007 15:30:00,59.5,60,57.01,57.52,764184
4/30/2007 15:30:00,57.66,58.5,57.2,58.22,720924
5/3/2007 15:30:00,58.5,62.19,58.48,61.93,1218549
5/4/2007 15:30:00,62.3,62.4,60.2,60.32,463849
5/7/2007 15:30:00,61.7,61.7,59.53,59.88,245880
5/8/2007 15:30:00,60,60.8,58.21,58.67,390602
5/9/2007 15:30:00,57.1,60.2,57.1,59.73,314533
5/10/2007 15:30:00,59.98,61.05,59.13,59.71,504721
5/11/2007 15:30:00,59.94,60.37,49.9,59.97,310584
5/14/2007 15:30:00,61,61,59.8,60.75,305479
5/15/2007 15:30:00,60.9,61.2,60.02,60.42,151433
5/16/2007 15:30:00,60.5,61.8,60.1,61.26,442613
5/17/2007 15:30:00,61.98,62,60.57,60.93,262560
5/18/2007 15:30:00,60.7,61.2,59.5,59.93,158229
5/21/2007 15:30:00,61.24,61.24,59.5,60,395422
5/22/2007 15:30:00,60.79,62.5,60.2,61.93,900800
5/23/2007 15:30:00,62.11,63.2,61,62.1,741081
5/24/2007 15:30:00,62.27,62.4,60.83,61.44,381154
5/25/2007 15:30:00,60.6,61.5,60,61.33,114634
5/28/2007 15:30:00,61.55,63.35,61.55,62.78,830896
5/29/2007 15:30:00,63.29,63.98,62,63.56,824562
5/30/2007 15:30:00,63.8,63.8,60.6,61.53,673409
5/31/2007 15:30:00,62.52,62.52,59.83,60.51,814976
6/1/2007 15:30:00,61.2,62,60.53,60.85,346716
6/4/2007 15:30:00,62.37,62.37,59.8,60.27,185954
6/5/2007 15:30:00,60.5,60.8,59.5,60.02,163030
6/6/2007 15:30:00,60.1,60.49,57.52,57.77,149872
6/7/2007 15:30:00,56.8,58.6,56.72,58.18,178631
6/8/2007 15:30:00,58.4,58.99,57,58.05,225607
6/11/2007 15:30:00,59.9,60.9,57.6,57.78,136544
6/12/2007 15:30:00,57.5,58.4,53.86,56.45,365100
6/13/2007 15:30:00,56.9,57.24,55.3,55.54,351814
6/14/2007 15:30:00,56.57,58.79,56.1,58.2,446693
6/15/2007 15:30:00,59.4,59.46,58.4,58.63,657911
6/18/2007 15:30:00,59.1,59.2,57.12,57.5,118414
6/19/2007 15:30:00,57.59,59.9,57.5,59.58,259726
6/20/2007 15:30:00,59.9,61.1,59.51,60.59,353864
6/21/2007 15:30:00,61.25,61.25,60.01,60.61,173255
6/22/2007 15:30:00,60.6,61.2,59.92,60.33,554606
6/25/2007 15:30:00,60.63,61.28,60.2,60.93,457363
6/26/2007 15:30:00,61,61.7,60.41,60.78,254708
6/27/2007 15:30:00,61.02,61.28,60.11,60.55,396203
6/28/2007 15:30:00,61.2,61.2,59.54,59.93,204400
6/29/2007 15:30:00,60.23,61.48,60.15,61.16,406221
7/2/2007 15:30:00,61.3,61.9,60.11,60.48,161768
7/3/2007 15:30:00,60.6,62.6,60.4,62,651790
7/4/2007 15:30:00,62.2,64.1,61.61,63.86,536148
7/5/2007 15:30:00,63.81,64.4,61.59,62.86,328831
7/6/2007 15:30:00,62.85,63.35,62,62.4,152585
7/9/2007 15:30:00,62.55,63.44,62.55,63.21,379778
7/10/2007 15:30:00,63.9,66.21,63.5,65.47,985764
7/11/2007 15:30:00,64.52,67.19,64.52,66.81,597858
7/12/2007 15:30:00,66.71,69.8,66.71,68.83,720007
7/13/2007 15:30:00,69.8,75.4,69.55,72.16,1442909
7/16/2007 15:30:00,71.5,74.69,71.5,72.34,451318
7/17/2007 15:30:00,72.8,73.35,69.5,69.91,349832
7/18/2007 15:30:00,70.3,70.3,68.15,69.18,184220
7/19/2007 15:30:00,69.5,71.4,69.3,70.38,170675
7/20/2007 15:30:00,70.5,73.2,70.5,72.17,437120
7/23/2007 15:30:00,72.25,73.69,71.56,73.12,349469
7/24/2007 15:30:00,74,77.17,72.6,73.53,1568848
7/25/2007 15:30:00,72.99,74.8,71.75,72.7,281828
7/26/2007 15:30:00,72.98,75.05,72.5,74.6,547672
7/27/2007 15:30:00,74.6,74.6,66.51,72.2,449811
7/30/2007 15:30:00,72.1,73.49,71.6,72.6,210036
7/31/2007 15:30:00,74,74,72.51,73.82,837052
8/1/2007 15:30:00,73.49,73.49,69.22,69.89,536337
8/2/2007 15:30:00,72,72,67.62,69.38,432422
8/3/2007 15:30:00,70.1,70.8,67.75,68.03,469714
8/6/2007 15:30:00,65,67.5,64.26,64.56,497306
8/7/2007 15:30:00,66.5,66.5,64.63,64.9,223392
8/8/2007 15:30:00,65.5,66.45,64.85,65.56,230825
8/9/2007 15:30:00,66.8,67.23,63.01,63.53,674999
8/10/2007 15:30:00,61.11,63.18,58.77,62.72,306500
8/13/2007 15:30:00,55.01,63.88,55.01,63,235709
8/14/2007 15:30:00,63.88,65.2,62.9,64.68,265266
8/16/2007 15:30:00,61.01,62.2,60.41,61.33,180785
8/17/2007 15:30:00,60.5,61.4,56.02,56.84,438553
8/20/2007 15:30:00,59,60.3,57.28,57.61,743115
8/21/2007 15:30:00,58.1,59.4,52.6,53.9,767090
8/22/2007 15:30:00,56.3,56.3,51.9,54.33,882579
8/23/2007 15:30:00,55.03,56.09,50.14,51.9,1753306
8/24/2007 15:30:00,52.1,57.97,52.1,57.16,1223073
8/27/2007 15:30:00,57.48,61.89,57.48,61.25,689734
8/28/2007 15:30:00,62,62.47,60.63,60.97,412255
8/29/2007 15:30:00,60,62.9,56.06,62.02,907002
8/30/2007 15:30:00,63.47,63.9,61.2,61.72,483008
8/31/2007 15:30:00,61.95,65.06,61.87,64.33,592607
9/3/2007 15:30:00,64,66.66,64,66,388790
9/4/2007 15:30:00,66.5,67.89,66,66.24,332565
9/5/2007 15:30:00,67,68.8,66.65,68.23,605030
9/6/2007 15:30:00,67.4,69.49,67.01,69,462998
9/7/2007 15:30:00,69.7,72.3,68.83,70.22,633370
9/10/2007 15:30:00,69,69.86,67.4,67.71,1179698
9/11/2007 15:30:00,68.01,69.12,66.31,67.15,605881
9/12/2007 15:30:00,68.49,69,67.7,68.15,496158
9/13/2007 15:30:00,68.54,68.7,67.8,68.1,159558
9/14/2007 15:30:00,68.6,70.38,68.02,68.32,502433
9/17/2007 15:30:00,69.1,69.87,65.53,68.03,221429
9/18/2007 15:30:00,68,69.4,67.61,68.75,310705
9/19/2007 15:30:00,69.9,71.2,69.4,70.56,1530412
9/20/2007 15:30:00,71.49,72.25,70.9,71.93,502194
9/21/2007 15:30:00,72,73.3,72,72.66,400264
9/24/2007 15:30:00,73.7,74.01,72.47,73.75,286135
9/25/2007 15:30:00,73.99,80.9,73.75,77.09,1042511
9/26/2007 15:30:00,77.09,81.6,77.09,80.22,1236698
9/27/2007 15:30:00,80.9,82.5,80.12,82.26,635886
9/28/2007 15:30:00,82.5,87.44,82.5,85.3,695869
10/1/2007 15:30:00,86.15,86.15,83.1,84.05,191652
10/3/2007 15:30:00,85.8,87.75,84.71,86.69,1000266
10/4/2007 15:30:00,86.4,97.47,85.6,91.14,1503466
10/5/2007 15:30:00,91.31,92.5,84.38,85.1,443038
10/8/2007 15:30:00,87,87,77.51,80.41,387989
10/9/2007 15:30:00,80.6,87,78.53,85.05,578562
10/10/2007 15:30:00,86.43,89.8,85.41,88.58,667006
10/11/2007 15:30:00,90,90.5,87,87.53,308430
10/12/2007 15:30:00,87.6,91.77,86,88.88,693651
10/15/2007 15:30:00,91,100.44,90.2,98.69,1384316
10/16/2007 15:30:00,98.8,104.47,95.8,97.43,1197406
10/17/2007 15:30:00,90.5,93.7,80,91.36,870896
10/18/2007 15:30:00,92.8,95,83,85.27,592391
10/19/2007 15:30:00,86,89,81.11,86.22,471808
10/22/2007 15:30:00,80,87.97,80,87.21,292450
10/23/2007 15:30:00,89,93.7,89,93.1,862339
10/24/2007 15:30:00,95,103.84,93.2,101.59,858335
10/25/2007 15:30:00,102.4,103.5,96.23,98.12,1141794
10/26/2007 15:30:00,99.01,101.09,95.5,96.28,1027676
10/29/2007 15:30:00,98.5,100.3,96.5,97.12,502405
10/30/2007 15:30:00,99.1,99.5,93.53,95.03,691405
10/31/2007 15:30:00,85.01,99,85.01,95.84,923916
11/1/2007 15:30:00,96.5,98,92.5,93.48,498018
11/2/2007 15:30:00,93.3,93.7,90.5,92.5,229814
11/5/2007 15:30:00,92.7,95.44,91,91.34,317774
11/6/2007 15:30:00,93,95.9,91.5,92.78,798317
11/7/2007 15:30:00,94.1,96.48,92.71,93.41,739338
11/8/2007 15:30:00,92,93.09,90.1,91.12,162025
11/9/2007 15:30:00,94.88,94.88,89.03,89.66,37620
11/12/2007 15:30:00,87.5,89.49,82.5,86.57,220728
11/13/2007 15:30:00,86,90.1,85.03,88.46,483585
11/14/2007 15:30:00,89.02,95.38,89.02,93.6,863607
11/15/2007 15:30:00,95,98.4,94.9,96.97,1104087
11/16/2007 15:30:00,96.97,97.5,94.2,96.86,510876
11/19/2007 15:30:00,95.12,99,95.12,97.48,289454
11/20/2007 15:30:00,96.98,100.39,95,95.55,752623
11/21/2007 15:30:00,96.87,96.87,89.8,91.34,311590
11/22/2007 15:30:00,91.6,92.9,88.21,90.53,410869
11/23/2007 15:30:00,93.27,93.5,91.51,92.39,247327
11/26/2007 15:30:00,93.64,99.01,93.21,98.16,593082
11/27/2007 15:30:00,99.03,103.1,97.91,99.07,1449417
11/28/2007 15:30:00,99.4,100.9,95.1,96.23,397347
11/29/2007 15:30:00,99.74,99.74,95.03,96.23,754356
11/30/2007 15:30:00,97,101.7,97,101.01,936933
12/3/2007 15:30:00,102.9,107.2,102.65,105.99,939531
12/4/2007 15:30:00,106.7,109,105.83,108.24,504818
12/5/2007 15:30:00,110.5,113.7,107.54,112.96,760499
12/6/2007 15:30:00,114.24,118.8,113.31,116.68,1359813
12/7/2007 15:30:00,119.03,127.88,118.6,120.75,1891347
12/10/2007 15:30:00,121.6,124.97,115.22,121.02,1108921
12/11/2007 15:30:00,122,123,119.86,120.45,785035
12/12/2007 15:30:00,118,125,117.04,124.06,640624
12/13/2007 15:30:00,125.74,138.7,125.74,133.6,1625303
12/14/2007 15:30:00,138.87,138.87,132.3,133.51,303205
12/17/2007 15:30:00,133,133.5,114.42,116.06,801116
12/19/2007 15:30:00,121.51,125,119.03,121.62,830747
12/20/2007 15:30:00,123.12,126.8,121.2,123.05,764048
12/24/2007 15:30:00,125.45,126,123.51,124.08,392607
12/26/2007 15:30:00,124,128,121.1,124.99,434517
12/27/2007 15:30:00,126.5,131.6,125.2,130.41,753159
12/28/2007 15:30:00,130,132.5,128.85,131.98,325186
12/31/2007 15:30:00,133,134.65,131.5,131.95,262527
1/1/2008 15:30:00,133,136.3,131.04,131.93,373599
1/2/2008 15:30:00,132.8,134,128.63,130.4,286604
1/3/2008 15:30:00,125.7,135,125.7,134.23,534941
1/4/2008 15:30:00,134,136.58,133,133.49,622538
1/7/2008 15:30:00,131.5,133.97,128.36,129.92,1081929
1/8/2008 15:30:00,134.47,134.9,124.34,126.13,1070700
1/9/2008 15:30:00,127.95,127.95,121.6,122.5,648005
1/10/2008 15:30:00,123.01,126.8,118.6,120.46,383070
1/11/2008 15:30:00,121,121.91,118,120.12,291355
1/14/2008 15:30:00,120.5,124,119,123.01,366643
1/15/2008 15:30:00,123.5,124.22,119.2,121.12,413693
1/16/2008 15:30:00,119.99,119.99,112.8,114.51,593371
1/17/2008 15:30:00,116,118.47,113.6,115.73,447930
1/18/2008 15:30:00,115.73,116.8,107.8,109.86,628659
1/21/2008 15:30:00,105.56,105.56,81.6,97.08,1211195
1/22/2008 15:30:00,90.1,94.97,78.22,88.63,802511
1/23/2008 15:30:00,93,99.87,93,96.73,566216
1/24/2008 15:30:00,101.4,101.4,86.2,87.06,674938
1/25/2008 15:30:00,90,98.8,90,97.62,759014
1/28/2008 15:30:00,90,96,87.55,94.61,524301
1/29/2008 15:30:00,97.5,99.9,96.3,98.05,258154
1/30/2008 15:30:00,98.23,105.3,97.8,100.68,1878097
1/31/2008 15:30:00,103.7,103.7,95.23,96.96,875476
2/1/2008 15:30:00,99,104.91,98.12,103.48,1033342
2/4/2008 15:30:00,105,116.37,104.5,115.2,1266253
2/5/2008 15:30:00,114,119.4,111,117.32,789693
2/6/2008 15:30:00,114,115.51,110.54,113.48,179987
2/7/2008 15:30:00,113.5,116.94,110.54,113.18,531440
2/8/2008 15:30:00,113.2,114.04,108.68,110.47,615120
2/11/2008 15:30:00,109.35,111.88,106.1,109.24,1067679
2/12/2008 15:30:00,111.8,114.49,108.89,112.67,1448310
2/13/2008 15:30:00,116,116,107.8,110.79,933696
2/14/2008 15:30:00,115.4,115.89,112.67,113.98,498359
2/15/2008 15:30:00,110.5,119.85,110.5,118.78,520015
2/18/2008 15:30:00,119.04,119.87,112.5,114.56,219865
2/19/2008 15:30:00,114.8,120,114.78,116.73,779342
2/20/2008 15:30:00,116,116.5,109.79,111.05,309487
2/21/2008 15:30:00,112.5,115.71,112.5,114.95,392785
2/22/2008 15:30:00,114.5,115.47,110,111.51,186707
2/25/2008 15:30:00,112.5,113.33,108.8,111.4,278683
2/26/2008 15:30:00,114.54,114.54,108.6,109.36,392663
2/27/2008 15:30:00,110.7,112,105.13,106.42,755770
2/28/2008 15:30:00,107.5,108.81,102.7,107.83,624758
2/29/2008 15:30:00,104.88,107.15,101.82,105.96,826435
3/3/2008 15:30:00,101.03,104.6,100.59,101.53,234572
3/4/2008 15:30:00,101,102.47,97.23,100.8,274895
3/5/2008 15:30:00,100,102.52,98.01,98.46,370723
3/7/2008 15:30:00,98.46,103.38,92.57,94.02,659131
3/10/2008 15:30:00,92.5,95,90.64,92.66,572039
3/11/2008 15:30:00,92,94.89,90.98,91.7,590577
3/12/2008 15:30:00,94,96.2,92.5,93.93,563966
3/13/2008 15:30:00,92.04,93,88.3,89.51,580193
3/14/2008 15:30:00,89.5,94.3,89.5,93.37,500114
3/17/2008 15:30:00,90.01,92,88.5,89.08,1954355
3/18/2008 15:30:00,86.1,92.3,86.1,89.06,185400
3/19/2008 15:30:00,92.49,93.97,88.04,89.85,398925
3/24/2008 15:30:00,94.34,94.34,73.8,78.88,1083601
3/25/2008 15:30:00,81,87,79,84.99,665558
3/26/2008 15:30:00,85.5,86.2,82.13,83.81,367761
3/27/2008 15:30:00,83.8,84.87,79.61,81.12,539312
3/28/2008 15:30:00,80.13,84.88,79.85,81.75,609203
3/31/2008 15:30:00,80,85.5,80,81.93,575317
4/1/2008 15:30:00,83.5,85,81.11,82.85,604092
4/2/2008 15:30:00,84.79,85.5,77.11,78.68,717942
4/3/2008 15:30:00,78.5,78.8,70.11,77.13,3324765
4/4/2008 15:30:00,77.01,79.56,74.16,75.52,1078786
4/7/2008 15:30:00,77.89,77.89,74.11,75.99,754685
4/8/2008 15:30:00,76,77.2,72.5,73.8,430062
4/9/2008 15:30:00,74.3,75.5,71.3,72.58,874638
4/10/2008 15:30:00,73.8,73.86,71.3,72.48,1143906
4/11/2008 15:30:00,72.48,74.01,69.5,71.56,1352192
4/15/2008 15:30:00,71.49,75.3,70.15,74.61,811572
4/16/2008 15:30:00,78.29,78.29,74.8,77.43,452011
4/17/2008 15:30:00,79,81.97,77.72,81.23,688764
4/21/2008 15:30:00,82.12,84.2,81.81,83.25,265915
4/22/2008 15:30:00,83.25,88.5,82.3,87.8,595814
4/23/2008 15:30:00,90,90,83.53,85.28,349432
4/24/2008 15:30:00,85.6,93.7,85.6,89.11,1147573
4/25/2008 15:30:00,88.8,89.8,86,88.33,395630
4/28/2008 15:30:00,90,90,86.1,87.02,179428
4/29/2008 15:30:00,86.6,88.86,84.4,86.78,460648
4/30/2008 15:30:00,87.88,88.3,86,87.53,462912
5/2/2008 15:30:00,88.2,92.43,88.1,91.62,641313
5/5/2008 15:30:00,92.5,93,88.5,89.91,557515
5/6/2008 15:30:00,89.91,90,86.6,87.92,963070
5/7/2008 15:30:00,87.51,90.7,87.22,87.61,740182
5/8/2008 15:30:00,87.5,88.9,85.5,88.42,733871
5/9/2008 15:30:00,88.4,90.4,87.5,89.93,1164130
5/12/2008 15:30:00,92.89,94.49,87.03,92.79,580350
5/13/2008 15:30:00,94.8,97.4,93.5,95.97,950757
5/14/2008 15:30:00,93.56,104.5,93.56,99.76,2013824
5/15/2008 15:30:00,104.9,104.9,99.1,103.38,872352
5/16/2008 15:30:00,104,112.4,102.51,110.93,1331435
5/20/2008 15:30:00,111,115.86,109,114.5,1369266
5/21/2008 15:30:00,113.3,113.89,110.51,113.07,916493
5/22/2008 15:30:00,113,113,105.67,107.85,896747
5/23/2008 15:30:00,107.5,110,104.5,107.58,804013
5/26/2008 15:30:00,107.5,109,104.61,107.91,647451
5/27/2008 15:30:00,108.5,112.44,108,110.23,732704
5/28/2008 15:30:00,110.96,112.6,106.81,111.23,1142841
5/29/2008 15:30:00,112.2,117.9,112,115.28,1435867
5/30/2008 15:30:00,118,120.5,113.16,117.64,3236235
6/2/2008 15:30:00,116.4,118.79,113.52,114.64,1200926
6/3/2008 15:30:00,113.5,116.8,110.37,115.66,847690
6/4/2008 15:30:00,115.6,117.85,107.13,110.22,1375894
6/5/2008 15:30:00,109.9,113.19,107.86,111.94,929037
6/6/2008 15:30:00,113.03,113.7,107.61,108.37,395535
6/9/2008 15:30:00,104.54,109.7,104.54,108.94,625387
6/10/2008 15:30:00,108,112.49,107,110.73,641537
6/11/2008 15:30:00,111.9,112.6,106.05,107.63,1263880
6/12/2008 15:30:00,109.77,109.77,98.13,99.69,2098370
6/13/2008 15:30:00,100.3,101,94.3,94.76,1157841
6/16/2008 15:30:00,109.47,109.47,94.6,99.36,743381
6/17/2008 15:30:00,99,101.47,98.1,99.28,392381
6/18/2008 15:30:00,100,102.38,98.34,98.73,547518
6/19/2008 15:30:00,98.5,100.7,97.53,99.56,541408
6/20/2008 15:30:00,100,101.39,98.2,99.4,808296
6/23/2008 15:30:00,99,99.4,94.5,95.56,801818
6/24/2008 15:30:00,95.56,97.82,94.13,96.23,707738
6/25/2008 15:30:00,94.4,101.2,93.05,100.55,725697
6/26/2008 15:30:00,101.01,104.69,101,103.25,952906
6/27/2008 15:30:00,100,100.8,96.56,98.15,914719
6/30/2008 15:30:00,98.5,99.79,89.2,90.06,784784
7/1/2008 15:30:00,90,91.7,76.5,77.59,1327908
7/2/2008 15:30:00,76.51,81.4,75.2,80.01,1791367
7/3/2008 15:30:00,79.61,79.61,70.01,73.37,1277744
7/4/2008 15:30:00,72.63,75.89,71.23,75.28,766121
7/7/2008 15:30:00,73.1,82.2,73.1,80.08,1410977
7/8/2008 15:30:00,80,83.75,76.01,83.06,841180
7/9/2008 15:30:00,86,87.83,84.05,85.97,467718
7/10/2008 15:30:00,81.53,86.7,81.53,82.97,530378
7/11/2008 15:30:00,83.51,83.7,79.11,80.1,884882
7/14/2008 15:30:00,80,82.79,76.53,79.88,465774
7/15/2008 15:30:00,79.95,80.29,70.18,73.04,964132
7/16/2008 15:30:00,73.22,75.5,70.31,71.52,727144
7/17/2008 15:30:00,75,75.95,69.4,74.16,1052993
7/18/2008 15:30:00,75.9,75.9,72.13,72.95,920538
7/21/2008 15:30:00,74.5,75.94,70.37,72.13,806282
7/22/2008 15:30:00,72.1,74.48,72.1,72.89,531063
7/23/2008 15:30:00,75.1,78.75,74.39,77.29,783641
7/24/2008 15:30:00,78,80.1,78,79.76,747305
7/25/2008 15:30:00,77.52,80.8,77.36,78.11,311612
7/28/2008 15:30:00,78.01,79.2,77.11,77.66,146888
7/29/2008 15:30:00,76.5,77.5,74.81,75.25,191103
7/30/2008 15:30:00,77.5,77.5,74.51,74.95,585265
7/31/2008 15:30:00,75.5,76.97,72.7,73.67,2081255
8/1/2008 15:30:00,73.5,80.48,71.2,79.79,1387552
8/4/2008 15:30:00,79.82,88.18,78.9,87.21,1107441
8/5/2008 15:30:00,87.21,87.5,82.5,83.56,678979
8/6/2008 15:30:00,84.5,85.98,78.02,78.56,1104314
8/7/2008 15:30:00,78.56,81.9,77.6,78.67,568320
8/8/2008 15:30:00,78.71,80.77,78.1,79.46,326223
8/11/2008 15:30:00,81.4,81.4,80,80.62,340239
8/12/2008 15:30:00,80.98,82,77,77.5,463543
8/13/2008 15:30:00,77,78.5,76.13,76.63,722697
8/14/2008 15:30:00,76.5,77.95,76.01,77.11,421729
8/18/2008 15:30:00,77.6,78.9,76,77.17,531500
8/19/2008 15:30:00,77.5,78.45,75.65,77.02,455566
8/20/2008 15:30:00,77.02,78.3,76.22,76.78,264316
8/21/2008 15:30:00,76.85,77.17,75.36,75.68,299305
8/22/2008 15:30:00,75,76.86,71.15,76.32,348175
8/25/2008 15:30:00,77.5,78.77,75.52,75.95,195524
8/26/2008 15:30:00,75.6,76.68,75,75.03,994911
8/27/2008 15:30:00,75.97,75.97,73.97,74.12,342205
8/28/2008 15:30:00,77.87,77.87,73.82,74.91,981982
8/29/2008 15:30:00,75.7,77.9,74.55,76.4,487159
9/1/2008 15:30:00,75.9,76.8,74.4,75.13,213426
9/2/2008 15:30:00,75.2,77.5,74.55,75.97,289925
9/4/2008 15:30:00,75.54,75.6,73,73.14,592634
9/5/2008 15:30:00,73.1,73.1,70.01,71.06,867106
9/8/2008 15:30:00,73.47,74,70.6,71.65,410437
9/9/2008 15:30:00,71.5,71.7,70.52,71.51,162320
9/10/2008 15:30:00,71,71.4,65.53,66.13,841142
9/11/2008 15:30:00,65.94,67.87,63.55,66.67,773974
9/12/2008 15:30:00,67.5,67.88,65.13,65.85,328545
9/15/2008 15:30:00,64.8,65.5,62,65.05,319400
9/16/2008 15:30:00,63,66.25,61.8,64.63,607116
9/17/2008 15:30:00,64,66.55,63,64.2,789634
9/18/2008 15:30:00,63,63,59.26,59.84,637228
9/19/2008 15:30:00,62,62,57.71,59.4,1295303
9/22/2008 15:30:00,60,61.19,58.68,59.57,1570554
9/23/2008 15:30:00,58.8,59.8,56.72,57.33,925311
9/24/2008 15:30:00,57.9,59.44,55.91,58.05,812275
9/25/2008 15:30:00,58.05,59,57.03,58.07,1285758
9/26/2008 15:30:00,58.5,58.5,56.6,57.42,503925
9/29/2008 15:30:00,57.5,58,50.4,50.64,640580
9/30/2008 15:30:00,50,50,45.61,48.26,691519
10/1/2008 15:30:00,49.44,49.44,44.8,45.6,1023319
10/3/2008 15:30:00,45.5,45.5,40.87,41.11,1046859
10/6/2008 15:30:00,39.2,40.4,34.12,34.76,915771
10/7/2008 15:30:00,33.51,36.37,30.4,31.08,2248300
10/8/2008 15:30:00,29.5,30.58,24.76,29.34,2896571
10/10/2008 15:30:00,26.13,31,24.5,29.89,1049361
10/13/2008 15:30:00,30,34.18,30,33.67,630687
10/14/2008 15:30:00,35.1,35.7,30.13,31.37,993573
10/15/2008 15:30:00,30.5,30.5,27.25,27.8,1186902
10/16/2008 15:30:00,26.2,27,24.5,26.03,1086142
10/17/2008 15:30:00,27.03,27.8,23.73,24.45,1098395
10/20/2008 15:30:00,26,27.4,24.78,26.03,5080283
10/21/2008 15:30:00,27.3,27.5,26.05,26.81,493703
10/22/2008 15:30:00,26,26.49,24.49,24.99,525269
10/23/2008 15:30:00,23.54,24,22.26,22.91,619564
10/24/2008 15:30:00,22.8,22.8,20.1,20.47,637435
10/27/2008 15:30:00,19.5,21.84,17.1,20.68,559182
10/29/2008 15:30:00,23.1,23.94,22.05,22.96,349300
10/31/2008 15:30:00,23.47,33.9,23.1,30.7,1548724
11/3/2008 15:30:00,31.86,32.5,29.4,31.18,1318354
11/4/2008 15:30:00,31.5,35.2,30.2,34.83,1390307
11/5/2008 15:30:00,35.5,38.8,32.56,33.8,1504227
11/6/2008 15:30:00,31.98,32.28,29.6,30.07,895641
11/7/2008 15:30:00,29.5,29.8,27.35,28.52,1186126
11/10/2008 15:30:00,29.28,31.55,28.82,31,967485
11/11/2008 15:30:00,31.5,31.5,29.11,29.42,964862
11/12/2008 15:30:00,29,30.46,28.22,29.3,767685
11/14/2008 15:30:00,30,30.5,27.15,27.47,749231
11/17/2008 15:30:00,27.5,28.31,24.73,25.46,563491
11/18/2008 15:30:00,24.9,25.5,23.72,24.17,574014
11/19/2008 15:30:00,24,25.15,23.4,23.84,639545
11/21/2008 15:30:00,21.41,22.5,19.65,20.49,1265391
11/24/2008 15:30:00,20.06,20.79,18.4,18.86,1360453
11/25/2008 15:30:00,19.5,19.9,18.61,18.91,976200
11/26/2008 15:30:00,19.1,19.8,18.35,19.36,957677
11/28/2008 15:30:00,19,19.47,18.4,18.82,775245
12/1/2008 15:30:00,19.2,19.59,17.61,18.11,879198
12/2/2008 15:30:00,17.8,17.8,16.81,17.52,470123
12/3/2008 15:30:00,17.82,18.89,17.75,18.36,654463
12/4/2008 15:30:00,18.5,22.68,18.4,21.93,1380658
12/5/2008 15:30:00,21.5,22.65,20.84,21.3,1130490
12/8/2008 15:30:00,22.07,23.19,21.82,22.16,869199
12/10/2008 15:30:00,22.21,24.7,22.2,24.12,1209408
12/11/2008 15:30:00,24.5,25.25,23.31,23.99,741982
12/12/2008 15:30:00,23,23.4,21.71,22.67,914556
12/15/2008 15:30:00,22,24.68,20.91,24.1,893820
12/16/2008 15:30:00,24.7,24.98,23.52,24.29,988565
12/17/2008 15:30:00,24.2,25.24,22.5,22.66,689220
12/18/2008 15:30:00,23,23.19,21.63,22.83,722266
12/19/2008 15:30:00,22.5,24.34,22.5,22.66,935755
12/22/2008 15:30:00,22.7,24.1,22.2,22.54,842650
12/23/2008 15:30:00,22.3,23.2,22.01,22.58,664944
12/24/2008 15:30:00,22.58,22.58,21.5,22.07,636804
12/26/2008 15:30:00,22.4,22.95,20.78,21.14,562398
12/29/2008 15:30:00,21.4,22.7,20.33,21.87,744938
12/30/2008 15:30:00,22.2,23.23,22.01,22.3,693096
12/31/2008 15:30:00,22.3,23.66,22.2,22.92,1159374
1/1/2009 15:30:00,23.35,24.05,23.17,23.84,824577
1/2/2009 15:30:00,24,24.65,23.5,23.69,1298218
1/5/2009 15:30:00,24.21,24.7,23.92,24.54,1239723
1/6/2009 15:30:00,24.5,25.77,24.41,25.24,1289182
1/7/2009 15:30:00,25.5,26.39,23.06,23.86,1466529
1/9/2009 15:30:00,23.01,24.81,21,22.41,974186
1/12/2009 15:30:00,22,22.88,21.07,21.56,639620
1/13/2009 15:30:00,21.5,21.98,20.66,21.08,683060
1/14/2009 15:30:00,21.69,22.48,21.42,21.9,431700
1/15/2009 15:30:00,21.7,21.7,20.22,21.02,395390
1/16/2009 15:30:00,21.1,21.59,20.84,21.18,675810
1/19/2009 15:30:00,21,21.59,20.86,21.02,549875
1/20/2009 15:30:00,19,21,19,20.57,288682
1/21/2009 15:30:00,20.1,20.64,19.8,20.11,288008
1/22/2009 15:30:00,20.8,20.8,19.17,19.58,484289
1/23/2009 15:30:00,19.01,19.5,18.53,18.67,298887
1/27/2009 15:30:00,19.7,19.7,18.7,19.39,210170
1/28/2009 15:30:00,19.4,20.99,17.85,20.47,1925726
1/29/2009 15:30:00,21.11,21.82,19.51,20.75,1116227
1/30/2009 15:30:00,20.44,21.35,20.1,21.11,1158472
2/2/2009 15:30:00,20.6,20.9,19.11,19.68,334776
2/3/2009 15:30:00,19.77,20.3,18.73,18.97,574402
2/4/2009 15:30:00,19.2,20.74,19.07,19.93,912490
2/5/2009 15:30:00,20.1,20.65,19.35,19.54,714720
2/6/2009 15:30:00,19.9,21.35,19.9,21.04,935184
2/9/2009 15:30:00,21.5,22.9,21.24,22.45,1151826
2/10/2009 15:30:00,22.62,22.99,22.04,22.44,800742
2/11/2009 15:30:00,21.61,22.3,21.48,21.98,563353
2/12/2009 15:30:00,21.88,22.85,21.4,22.54,583930
2/13/2009 15:30:00,22.8,23.99,22.8,23.22,924017
2/16/2009 15:30:00,23.4,23.59,21.22,21.49,462281
2/17/2009 15:30:00,20.43,21.78,20.43,21.28,468058
2/18/2009 15:30:00,21.02,21.57,20.57,20.87,548011
2/19/2009 15:30:00,21.6,21.7,20.72,20.88,422992
2/20/2009 15:30:00,20.4,20.66,19.6,19.71,563011
2/24/2009 15:30:00,19.1,19.35,18,18.41,734089
2/25/2009 15:30:00,18.5,20.96,18.31,18.5,647290
2/26/2009 15:30:00,18.7,18.7,18.17,18.46,993460
2/27/2009 15:30:00,18.64,19.05,18,18.82,1069967
3/2/2009 15:30:00,18.27,18.5,17.04,17.2,1023605
3/3/2009 15:30:00,17,17.53,16.93,17.06,587016
3/4/2009 15:30:00,17.11,17.99,17.1,17.79,1189591
3/5/2009 15:30:00,18,18.4,17.57,17.73,987689
3/6/2009 15:30:00,17.57,17.7,17.01,17.44,632175
3/9/2009 15:30:00,17.4,17.4,16.12,16.33,1031899
3/12/2009 15:30:00,16.51,16.89,16.01,16.56,417215
3/13/2009 15:30:00,17,18.29,16.82,18.14,823863
3/16/2009 15:30:00,18.4,18.95,17.73,18.54,975804
3/17/2009 15:30:00,18.66,19.08,18.35,18.48,862282
3/18/2009 15:30:00,18.8,19.27,18.07,18.26,1845477
3/19/2009 15:30:00,18.6,18.79,18.01,18.26,699344
3/20/2009 15:30:00,18.01,18.89,18.01,18.72,927802
3/23/2009 15:30:00,19,20.3,18.9,20.1,1385317
3/24/2009 15:30:00,20.37,20.7,19,19.23,1518731
3/25/2009 15:30:00,19.49,19.59,18.65,19.44,1332927
3/26/2009 15:30:00,19.6,20.49,19.6,20.3,1383207
3/27/2009 15:30:00,20.4,24.1,20.4,23.05,4368917
3/30/2009 15:30:00,22.8,23.54,21.05,21.38,3300227
3/31/2009 15:30:00,21.69,23.84,21.69,23.29,3337983
4/1/2009 15:30:00,23.42,25.5,23.21,25.11,3194129
4/2/2009 15:30:00,25.5,31.17,25.4,30.52,7685116
4/6/2009 15:30:00,34.8,34.8,30.55,31.12,6986291
4/8/2009 15:30:00,28.67,30.99,28.07,30.56,6806557
4/9/2009 15:30:00,31.07,36.18,30.21,34.76,7509712
4/13/2009 15:30:00,35,38.23,34.9,35.85,5710714
4/15/2009 15:30:00,35.5,37.39,33.37,36.76,3192633
4/16/2009 15:30:00,37.01,38.77,32.12,33.09,4938356
4/17/2009 15:30:00,32.3,35.2,30.87,31.57,3928839
4/20/2009 15:30:00,32,34.27,31.45,32.56,3726978
4/21/2009 15:30:00,31.5,32.49,30.79,31.6,2984031
4/22/2009 15:30:00,31.9,32.68,30.62,31.36,2006137
4/23/2009 15:30:00,31.6,34.7,30.82,34.24,3875173
4/24/2009 15:30:00,35.01,35.17,33.16,34.1,3193371
4/27/2009 15:30:00,33.88,34.66,32.42,33.39,2175941
4/28/2009 15:30:00,33.48,34.14,31.31,31.56,1821515
4/29/2009 15:30:00,32,35.26,31.13,34.25,3770025
5/4/2009 15:30:00,35.06,36.98,34.62,36.27,3601785
5/5/2009 15:30:00,36.5,40.1,36.34,39.92,5384060
5/6/2009 15:30:00,39.89,40.73,37.8,38.39,3913534
5/7/2009 15:30:00,38.7,44.77,37.36,42.94,10136109
5/8/2009 15:30:00,43.5,44.53,39.86,40.95,8527308
5/11/2009 15:30:00,41.51,43.29,39.8,42.45,9135751
5/12/2009 15:30:00,41,42.2,39.3,41.77,7704455
5/13/2009 15:30:00,40.63,42.74,40.63,41.21,3968506
5/14/2009 15:30:00,38,41.31,38,40.92,3564442
5/15/2009 15:30:00,40.16,42.36,40.16,41.86,2721756
5/18/2009 15:30:00,46,52.4,46,48.78,9694
5/19/2009 15:30:00,50.13,51.4,41,47.93,5059154
5/20/2009 15:30:00,45.03,51.87,45.03,50.51,4249134
5/21/2009 15:30:00,50.2,54.53,48.51,49.57,4672587
5/22/2009 15:30:00,48.6,50.95,48.26,50.22,2015369
5/25/2009 15:30:00,50.59,52.44,50.1,51.25,1844708
5/26/2009 15:30:00,51.55,52.4,49.02,50,1848382
5/27/2009 15:30:00,51.48,52.2,50.9,51.68,1678567
5/28/2009 15:30:00,51.6,59.6,51.5,54.94,8748624
5/29/2009 15:30:00,55.6,57.01,54,55.32,6070909
6/1/2009 15:30:00,55.5,57.5,55.5,56.91,2681351
6/2/2009 15:30:00,57,57.2,54.03,56.83,2380537
6/3/2009 15:30:00,57.3,59.14,54.84,58.73,4798210
6/4/2009 15:30:00,57,60.49,56.53,58.76,2696149
6/5/2009 15:30:00,58.9,60.5,58,58.58,2675810
6/8/2009 15:30:00,55.56,59.4,48.04,50.95,1883998
6/9/2009 15:30:00,49.01,57.1,49.01,55.51,3004486
6/10/2009 15:30:00,56.99,61,56.1,58.27,4260873
6/11/2009 15:30:00,58.83,64.7,57.2,63.7,5484732
6/12/2009 15:30:00,64,72.22,64,70.73,8690006
6/15/2009 15:30:00,67.77,71.2,66.06,67.14,4715305
6/16/2009 15:30:00,66,68.95,64.5,68.25,3613934
6/17/2009 15:30:00,67.59,68.83,62.5,63.27,2730052
6/18/2009 15:30:00,62.5,64.58,55.82,56.9,3855546
6/19/2009 15:30:00,56.16,61,56.16,60.45,3524257
6/22/2009 15:30:00,61.7,63.9,58,58.65,4119967
6/23/2009 15:30:00,58.8,58.8,54.2,56.43,4261775
6/24/2009 15:30:00,57.24,59.76,55.6,58.97,3238949
6/25/2009 15:30:00,59.66,61.8,58.8,59.38,3552957
6/26/2009 15:30:00,59.5,62.94,59.5,62.3,3188094
6/29/2009 15:30:00,62.83,64.91,61.8,63.48,2485694
6/30/2009 15:30:00,64.5,65.64,61.01,61.5,2918924
7/1/2009 15:30:00,62.37,62.9,57.91,62.24,3122674
7/2/2009 15:30:00,64.77,64.77,60.06,61.73,2774898
7/3/2009 15:30:00,61,62.3,58.5,61.56,3131762
7/6/2009 15:30:00,61.51,63.5,56.68,57.53,2942053
7/7/2009 15:30:00,57.84,59.49,56.07,57.62,2636713
7/8/2009 15:30:00,56.5,57.2,53.36,53.82,2017355
7/9/2009 15:30:00,54.2,55.2,51.18,52.67,3428853
7/10/2009 15:30:00,53.17,55,50.61,51.65,2927717
7/13/2009 15:30:00,50.99,51.3,47.51,48.53,2489830
7/14/2009 15:30:00,49.59,53.3,49.59,53.02,2528381
7/15/2009 15:30:00,54,57.53,53.5,56.87,2899412
7/16/2009 15:30:00,58.13,61.11,57.3,57.97,4910002
7/17/2009 15:30:00,58.61,60.77,57.23,60.03,2804230
7/20/2009 15:30:00,60.53,62.18,59.51,60.38,4962055
7/21/2009 15:30:00,60.88,62,59.83,60.57,3905033
7/22/2009 15:30:00,60.9,63,58.77,59.48,5224451
7/23/2009 15:30:00,61.4,62.37,60.1,62.01,2491960
7/24/2009 15:30:00,62.55,63.69,62.01,63.16,2467316
7/27/2009 15:30:00,63.81,69,63.21,68.36,5494615
7/28/2009 15:30:00,68.6,69.79,67.21,68.35,3074461
7/29/2009 15:30:00,68.35,70.4,63.63,68.75,5368067
7/30/2009 15:30:00,67.85,70.3,66,68.76,3507302
7/31/2009 15:30:00,69.9,71.4,68.8,69.78,2380755
8/3/2009 15:30:00,70.19,74.99,69.03,74.46,3586199
8/4/2009 15:30:00,74.89,76.26,71.51,72.87,3821197
8/5/2009 15:30:00,73.24,73.58,70.2,71.45,2349893
8/6/2009 15:30:00,71.19,74.2,70.52,71.85,4502681
8/7/2009 15:30:00,71,72.4,68.83,69.83,2596505
8/10/2009 15:30:00,70.5,71.6,66.63,67.28,2862811
8/11/2009 15:30:00,67.32,70.12,67.11,69.06,1962601
8/12/2009 15:30:00,68,68.74,64.81,67.58,2390787
8/13/2009 15:30:00,68.5,73.18,68.5,72.68,2666570
8/14/2009 15:30:00,73.1,74.98,71.83,73.83,4088637
8/17/2009 15:30:00,71.17,72.82,68.01,68.38,2125970
8/18/2009 15:30:00,68.5,71.48,68,71.03,2420446
8/19/2009 15:30:00,71.3,71.92,68.33,68.91,2399746
8/20/2009 15:30:00,69.72,71,69.17,69.6,1380794
8/21/2009 15:30:00,70,70.48,68.53,70.13,1998875
8/24/2009 15:30:00,71.5,72.4,71,71.65,1494280
8/25/2009 15:30:00,71,72.55,71,71.51,1487457
8/26/2009 15:30:00,72.23,73.25,71.84,72.38,1804624
8/27/2009 15:30:00,72.4,72.9,70.61,71.11,2105397
8/28/2009 15:30:00,71.1,71.79,70.2,70.97,921303
8/31/2009 15:30:00,70.2,70.4,68.4,68.92,947897
9/1/2009 15:30:00,69.5,69.99,66.31,66.99,1436880
9/2/2009 15:30:00,66,67.49,65.3,66.37,1845727
9/3/2009 15:30:00,68,68.24,66.68,67.18,941777
9/4/2009 15:30:00,67.8,69.66,67.43,69.27,1453060
9/7/2009 15:30:00,73,75,70,72.53,1580769
9/8/2009 15:30:00,72.6,75.5,72.23,73.68,2725274
9/9/2009 15:30:00,73.97,74.42,72.4,73.11,1212488
9/10/2009 15:30:00,73.6,76.03,73.11,73.72,2227071
9/11/2009 15:30:00,74.2,74.49,72.55,73.49,1006422
9/14/2009 15:30:00,72.95,75,71.63,74.47,1356748
9/15/2009 15:30:00,74.63,77,74.63,76.75,1920838
9/16/2009 15:30:00,77.4,81.79,77,81.03,2632120
9/17/2009 15:30:00,81.2,82.29,79,79.93,1638212
9/18/2009 15:30:00,78.5,80.68,78.2,79.27,1215809
9/22/2009 15:30:00,79.6,80.99,79.14,80.31,929516
9/23/2009 15:30:00,80.5,84.23,80.5,82.71,2475138
9/24/2009 15:30:00,81.56,85.1,80.29,84.1,1541995
9/25/2009 15:30:00,83.5,83.87,79.61,80.77,2034109
9/29/2009 15:30:00,81.71,82.8,81.05,81.92,980962
9/30/2009 15:30:00,81.7,83.6,81.6,83.26,1034144
10/1/2009 15:30:00,83.87,86.8,82.13,85.38,1837631
10/5/2009 15:30:00,84.88,85.38,83,83.65,1364841
10/6/2009 15:30:00,84.1,87.78,83.2,87,2071488
10/7/2009 15:30:00,87.99,90.6,87.5,88.3,2069224
10/8/2009 15:30:00,89.5,92.13,88.35,91.17,1916483
10/9/2009 15:30:00,91.37,92.2,88.3,88.98,1401755
10/12/2009 15:30:00,89.9,92.94,89.5,90.38,2348843
10/14/2009 15:30:00,91.64,92.16,90.43,91.26,2728755
10/15/2009 15:30:00,92.41,92.48,90.6,91.26,1031812
10/16/2009 15:30:00,90.7,93.49,89.81,91.73,1547049
10/20/2009 15:30:00,91.57,93.29,91.57,92.32,756177
10/21/2009 15:30:00,92.8,93.59,90.52,91.11,1024522
10/22/2009 15:30:00,91.5,91.6,86.01,87.14,2761779
10/23/2009 15:30:00,88.25,88.73,83.51,85.23,4342948
10/26/2009 15:30:00,85,85.27,80.58,81.44,1331426
10/27/2009 15:30:00,80.6,80.6,75.3,75.93,1783442
10/28/2009 15:30:00,74.57,76.68,72.4,74.45,2126026
10/29/2009 15:30:00,73.1,73.68,70.78,71.58,1912670
10/30/2009 15:30:00,72.81,76.66,72.81,75.55,1932005
11/3/2009 15:30:00,75.2,76.23,66.32,67.62,1321544
11/4/2009 15:30:00,68,72.69,65.27,72.12,2507780
11/5/2009 15:30:00,72,78.75,71.5,77.66,2095966
11/6/2009 15:30:00,78.99,79.97,75.13,76.12,2393104
11/9/2009 15:30:00,77,81.94,76.73,81.46,2076325
11/10/2009 15:30:00,82.5,86.8,80.65,84.91,3924008
11/11/2009 15:30:00,85.3,85.5,83,84.89,2244684
11/12/2009 15:30:00,84.01,85.2,81.85,82.68,1519510
11/13/2009 15:30:00,82.5,90.26,81.82,89.62,4368771
11/16/2009 15:30:00,89.9,93.5,89.5,92.48,2543978
11/17/2009 15:30:00,93.61,94.87,92.01,92.75,3219838
11/18/2009 15:30:00,93.89,99.7,92.4,96.54,6170816
11/19/2009 15:30:00,96.78,103.87,95.27,95.88,12335959
11/20/2009 15:30:00,95.5,97.7,91.02,95.88,5943881
11/23/2009 15:30:00,97,98.2,95.8,97.16,2672006
11/24/2009 15:30:00,97.8,101.4,96.98,99.96,4617908
11/25/2009 15:30:00,100.24,104,99.5,100.35,4040293
11/26/2009 15:30:00,97.1,102.18,95.3,98.02,3078445
11/27/2009 15:30:00,96,96,89.5,94.24,4653353
11/30/2009 15:30:00,96.7,99.99,96,99.32,2801215
12/1/2009 15:30:00,104.26,104.49,100.11,101.59,1930333
12/2/2009 15:30:00,103,105.17,100.34,102.27,4526690
12/3/2009 15:30:00,102.7,103.48,101.02,101.9,2406802
12/4/2009 15:30:00,101.7,103.1,100.62,101.7,1569613
12/7/2009 15:30:00,101.55,102.6,94.13,94.89,3188051
12/8/2009 15:30:00,94.9,102,93,101.21,4546617
12/9/2009 15:30:00,99,100.7,96.56,98.68,2400770
12/10/2009 15:30:00,98.1,98.9,96.8,97.5,2160224
12/11/2009 15:30:00,99,99.63,96,97.89,1916859
12/14/2009 15:30:00,98,98.87,96.75,97.49,1501129
12/15/2009 15:30:00,98.58,98.58,94.65,95.28,1241076
12/16/2009 15:30:00,94.3,98.13,93.61,97.78,2370192
12/17/2009 15:30:00,98,99.49,97.21,98.7,1920004
12/18/2009 15:30:00,98.96,99.43,97.24,97.77,1377197
12/21/2009 15:30:00,99,99,95.68,96.27,1206379
12/22/2009 15:30:00,96.8,98.87,96.8,98.35,946275
12/23/2009 15:30:00,99,102.07,98.76,101.82,2253822
12/24/2009 15:30:00,102.5,103.82,101.01,102.49,1311002
12/29/2009 15:30:00,103.1,103.4,102,102.41,586496
12/30/2009 15:30:00,102.2,103,100.71,101.34,669435
12/31/2009 15:30:00,102,102.5,101,101.32,783557